observation_date,STICKCPIM157SFRBATL
1967-02-01,0.319036390
1967-03-01,0.028354337
1967-04-01,0.319392459
1967-05-01,0.284631345
1967-06-01,0.290962963
1967-07-01,0.336457077
1967-08-01,0.297756936
1967-09-01,0.235733890
1967-10-01,0.363612535
1967-11-01,0.392387945
1967-12-01,0.316426903
1968-01-01,0.463668240
1968-02-01,0.344631142
1968-03-01,0.458072581
1968-04-01,0.303191674
1968-05-01,0.251349037
1968-06-01,0.699770373
1968-07-01,0.508739085
1968-08-01,0.483035969
1968-09-01,0.232560193
1968-10-01,0.585172917
1968-11-01,0.552029030
1968-12-01,0.578965562
1969-01-01,0.468367230
1969-02-01,0.344618248
1969-03-01,0.768600761
1969-04-01,0.649244974
1969-05-01,0.483735060
1969-06-01,0.380434001
1969-07-01,0.532682478
1969-08-01,0.509888185
1969-09-01,0.611084860
1969-10-01,0.393664498
1969-11-01,0.488229072
1969-12-01,0.561357726
1970-01-01,0.681966239
1970-02-01,0.743274067
1970-03-01,0.747658800
1970-04-01,0.544970427
1970-05-01,0.594431790
1970-06-01,0.497167546
1970-07-01,0.402591544
1970-08-01,0.580182111
1970-09-01,0.549401968
1970-10-01,0.316867891
1970-11-01,0.683657771
1970-12-01,0.541434293
1971-01-01,0.446306701
1971-02-01,0.144175217
1971-03-01,0.035563238
1971-04-01,0.313444895
1971-05-01,0.369996356
1971-06-01,0.682649516
1971-07-01,0.325486424
1971-08-01,0.372763198
1971-09-01,0.337332761
1971-10-01,0.059134925
1971-11-01,0.302318883
1971-12-01,0.306006332
1972-01-01,0.414798069
1972-02-01,0.217823647
1972-03-01,0.237320074
1972-04-01,0.251801733
1972-05-01,0.256993850
1972-06-01,0.319318379
1972-07-01,0.313951577
1972-08-01,0.285134130
1972-09-01,0.131002021
1972-10-01,0.226412497
1972-11-01,0.260566629
1972-12-01,0.222264046
1973-01-01,0.161012129
1973-02-01,0.296494237
1973-03-01,0.289022682
1973-04-01,0.357035888
1973-05-01,0.476296523
1973-06-01,0.333104848
1973-07-01,0.265846768
1973-08-01,0.575725883
1973-09-01,0.812597053
1973-10-01,1.063677728
1973-11-01,0.482780851
1973-12-01,0.600969920
1974-01-01,0.655853429
1974-02-01,0.684485033
1974-03-01,0.721987492
1974-04-01,0.676481608
1974-05-01,0.958928099
1974-06-01,1.077090406
1974-07-01,1.086029699
1974-08-01,1.113307481
1974-09-01,1.116239137
1974-10-01,0.988441788
1974-11-01,0.783825362
1974-12-01,1.014856561
1975-01-01,0.818311309
1975-02-01,0.795968856
1975-03-01,0.533160924
1975-04-01,0.657031533
1975-05-01,0.274246490
1975-06-01,0.607285813
1975-07-01,0.461802174
1975-08-01,0.374889905
1975-09-01,0.770448987
1975-10-01,0.628940811
1975-11-01,0.761920777
1975-12-01,0.621306644
1976-01-01,0.739010517
1976-02-01,0.478734514
1976-03-01,0.505240182
1976-04-01,0.267696669
1976-05-01,0.391416661
1976-06-01,0.548616170
1976-07-01,0.669632208
1976-08-01,0.553500814
1976-09-01,0.558502007
1976-10-01,0.423774758
1976-11-01,0.502783606
1976-12-01,0.295362034
1977-01-01,0.593967073
1977-02-01,0.479220428
1977-03-01,0.563309679
1977-04-01,0.727697905
1977-05-01,0.578722070
1977-06-01,0.712497345
1977-07-01,0.637638211
1977-08-01,0.522853152
1977-09-01,0.580066001
1977-10-01,0.491904824
1977-11-01,0.574546836
1977-12-01,0.565882897
1978-01-01,0.635293496
1978-02-01,0.534185353
1978-03-01,0.664729675
1978-04-01,0.696511482
1978-05-01,0.775845359
1978-06-01,0.781886682
1978-07-01,0.849824155
1978-08-01,0.788524743
1978-09-01,0.937312925
1978-10-01,0.891937184
1978-11-01,0.733172738
1978-12-01,0.479078672
1979-01-01,0.679054711
1979-02-01,0.968828390
1979-03-01,0.778684713
1979-04-01,0.911366094
1979-05-01,0.938559825
1979-06-01,0.916529356
1979-07-01,1.034625890
1979-08-01,1.116882752
1979-09-01,0.958636584
1979-10-01,1.149853995
1979-11-01,1.278088311
1979-12-01,1.143481070
1980-01-01,1.270762742
1980-02-01,1.025245090
1980-03-01,1.343177914
1980-04-01,1.229163500
1980-05-01,1.182675750
1980-06-01,1.445725335
1980-07-01,-0.280862349
1980-08-01,0.428355924
1980-09-01,0.839980423
1980-10-01,1.111824506
1980-11-01,1.110980612
1980-12-01,0.998746991
1981-01-01,0.730661611
1981-02-01,0.442153140
1981-03-01,0.551333588
1981-04-01,0.718949492
1981-05-01,1.076410045
1981-06-01,1.090966144
1981-07-01,1.392960216
1981-08-01,0.881697097
1981-09-01,1.143695850
1981-10-01,0.300116584
1981-11-01,0.465333270
1981-12-01,0.383936263
1982-01-01,0.373137119
1982-02-01,0.418068183
1982-03-01,0.019306226
1982-04-01,0.849948182
1982-05-01,1.040290870
1982-06-01,0.940526732
1982-07-01,0.558213617
1982-08-01,0.398566145
1982-09-01,-0.017452081
1982-10-01,0.288809958
1982-11-01,-0.125489531
1982-12-01,-0.513622443
1983-01-01,0.510291919
1983-02-01,0.353331233
1983-03-01,0.229449892
1983-04-01,0.519666604
1983-05-01,0.227665122
1983-06-01,0.289706102
1983-07-01,0.323594857
1983-08-01,0.321814792
1983-09-01,0.341208653
1983-10-01,0.436897886
1983-11-01,0.436708307
1983-12-01,0.293074379
1984-01-01,0.552709855
1984-02-01,0.396941576
1984-03-01,0.329496483
1984-04-01,0.488668449
1984-05-01,0.306405103
1984-06-01,0.359155808
1984-07-01,0.443982965
1984-08-01,0.436829306
1984-09-01,0.380060065
1984-10-01,0.390543549
1984-11-01,0.324140900
1984-12-01,0.394948561
1985-01-01,0.238356522
1985-02-01,0.533108278
1985-03-01,0.402288300
1985-04-01,0.318293322
1985-05-01,0.539609187
1985-06-01,0.394957927
1985-07-01,0.322022256
1985-08-01,0.439696381
1985-09-01,0.293416746
1985-10-01,0.506039361
1985-11-01,0.540165314
1985-12-01,0.265641050
1986-01-01,0.485915847
1986-02-01,0.363157969
1986-03-01,0.486184005
1986-04-01,0.446986519
1986-05-01,0.262271139
1986-06-01,0.399839150
1986-07-01,0.277805222
1986-08-01,0.302248580
1986-09-01,0.387520925
1986-10-01,0.413301526
1986-11-01,0.298769616
1986-12-01,0.353086247
1987-01-01,0.365527854
1987-02-01,0.320041763
1987-03-01,0.330271274
1987-04-01,0.501604753
1987-05-01,0.299905328
1987-06-01,0.183722479
1987-07-01,0.287251380
1987-08-01,0.408674572
1987-09-01,0.406107389
1987-10-01,0.462793437
1987-11-01,0.265813313
1987-12-01,0.310885482
1988-01-01,0.409132892
1988-02-01,0.340838416
1988-03-01,0.402276124
1988-04-01,0.472394666
1988-05-01,0.341171824
1988-06-01,0.399880311
1988-07-01,0.326173270
1988-08-01,0.390490717
1988-09-01,0.444250801
1988-10-01,0.370859922
1988-11-01,0.377315887
1988-12-01,0.359139333
1989-01-01,0.392141483
1989-02-01,0.374437218
1989-03-01,0.364862512
1989-04-01,0.356325717
1989-05-01,0.473242730
1989-06-01,0.388862420
1989-07-01,0.450148257
1989-08-01,0.353754745
1989-09-01,0.301860446
1989-10-01,0.486088786
1989-11-01,0.382093319
1989-12-01,0.386083836
1990-01-01,0.446444742
1990-02-01,0.392597000
1990-03-01,0.618122979
1990-04-01,0.431721537
1990-05-01,0.382620197
1990-06-01,0.561649231
1990-07-01,0.559422948
1990-08-01,0.625444933
1990-09-01,0.356662373
1990-10-01,0.376838789
1990-11-01,0.276368822
1990-12-01,0.355966241
1991-01-01,0.661936302
1991-02-01,0.464029119
1991-03-01,0.248461134
1991-04-01,0.255541059
1991-05-01,0.319737337
1991-06-01,0.307838385
1991-07-01,0.374448398
1991-08-01,0.345836002
1991-09-01,0.396628559
1991-10-01,0.222431254
1991-11-01,0.309259230
1991-12-01,0.344373923
1992-01-01,0.311958427
1992-02-01,0.236286866
1992-03-01,0.347860825
1992-04-01,0.307105521
1992-05-01,0.183411635
1992-06-01,0.241104598
1992-07-01,0.267522091
1992-08-01,0.211428015
1992-09-01,0.152842168
1992-10-01,0.463347790
1992-11-01,0.311870280
1992-12-01,0.200105721
1993-01-01,0.362618304
1993-02-01,0.258514901
1993-03-01,0.145188518
1993-04-01,0.378183100
1993-05-01,0.287698577
1993-06-01,0.278625769
1993-07-01,0.145666290
1993-08-01,0.288838958
1993-09-01,0.258343122
1993-10-01,0.281843343
1993-11-01,0.318692560
1993-12-01,0.303215491
1994-01-01,0.202708057
1994-02-01,0.281270745
1994-03-01,0.279877427
1994-04-01,0.190094817
1994-05-01,0.177794592
1994-06-01,0.247420809
1994-07-01,0.173550867
1994-08-01,0.351817961
1994-09-01,0.217228635
1994-10-01,0.202334758
1994-11-01,0.305067723
1994-12-01,0.108891290
1995-01-01,0.413281043
1995-02-01,0.274360690
1995-03-01,0.343571966
1995-04-01,0.309228645
1995-05-01,0.229805952
1995-06-01,0.225807005
1995-07-01,0.232198090
1995-08-01,0.237186244
1995-09-01,0.306829137
1995-10-01,0.313667474
1995-11-01,0.217344459
1995-12-01,0.101356777
1996-01-01,0.327054563
1996-02-01,0.275006938
1996-03-01,0.222659133
1996-04-01,0.208615737
1996-05-01,0.272202761
1996-06-01,0.237378143
1996-07-01,0.276597949
1996-08-01,0.225909378
1996-09-01,0.308320470
1996-10-01,0.229675277
1996-11-01,0.262242389
1996-12-01,0.180977884
1997-01-01,0.203765355
1997-02-01,0.174247193
1997-03-01,0.267144082
1997-04-01,0.243285257
1997-05-01,0.219865405
1997-06-01,0.196241201
1997-07-01,0.212069508
1997-08-01,0.137978090
1997-09-01,0.208316704
1997-10-01,0.271779629
1997-11-01,0.193432375
1997-12-01,0.248072509
1998-01-01,0.242990000
1998-02-01,0.191970000
1998-03-01,0.245470000
1998-04-01,0.219830000
1998-05-01,0.205160000
1998-06-01,0.180080000
1998-07-01,0.205410000
1998-08-01,0.167620000
1998-09-01,0.187480000
1998-10-01,0.210700000
1998-11-01,0.180380000
1998-12-01,0.173370000
1999-01-01,0.208310000
1999-02-01,0.135130000
1999-03-01,0.177250000
1999-04-01,0.211460000
1999-05-01,0.129680000
1999-06-01,0.098710000
1999-07-01,0.247900000
1999-08-01,0.159580000
1999-09-01,0.143970000
1999-10-01,0.197660000
1999-11-01,0.270190000
1999-12-01,0.187110000
2000-01-01,0.354060000
2000-02-01,0.174750000
2000-03-01,0.269390000
2000-04-01,0.138230000
2000-05-01,0.263530000
2000-06-01,0.242740000
2000-07-01,0.260640000
2000-08-01,0.296800000
2000-09-01,0.173090000
2000-10-01,0.217270000
2000-11-01,0.214360000
2000-12-01,0.276840000
2001-01-01,0.282040000
2001-02-01,0.262080000
2001-03-01,0.259810000
2001-04-01,0.262650000
2001-05-01,0.259710000
2001-06-01,0.362890000
2001-07-01,0.264380000
2001-08-01,0.343490000
2001-09-01,0.291350000
2001-10-01,0.309650000
2001-11-01,0.321050000
2001-12-01,0.231110000
2002-01-01,0.266370000
2002-02-01,0.247980000
2002-03-01,0.185900000
2002-04-01,0.244910000
2002-05-01,0.247020000
2002-06-01,0.180800000
2002-07-01,0.270260000
2002-08-01,0.226390000
2002-09-01,0.180280000
2002-10-01,0.229130000
2002-11-01,0.220890000
2002-12-01,0.207710000
2003-01-01,0.223360000
2003-02-01,0.178690000
2003-03-01,0.133970000
2003-04-01,0.094240000
2003-05-01,0.147690000
2003-06-01,0.103610000
2003-07-01,0.245540000
2003-08-01,0.158860000
2003-09-01,0.193890000
2003-10-01,0.209610000
2003-11-01,0.126760000
2003-12-01,0.172510000
2004-01-01,0.242070000
2004-02-01,0.245420000
2004-03-01,0.213580000
2004-04-01,0.223610000
2004-05-01,0.132550000
2004-06-01,0.225090000
2004-07-01,0.160930000
2004-08-01,0.171890000
2004-09-01,0.192930000
2004-10-01,0.205640000
2004-11-01,0.168780000
2004-12-01,0.169610000
2005-01-01,0.256420000
2005-02-01,0.220740000
2005-03-01,0.173680000
2005-04-01,0.210840000
2005-05-01,0.234340000
2005-06-01,0.096540000
2005-07-01,0.231170000
2005-08-01,0.138220000
2005-09-01,0.247930000
2005-10-01,0.201560000
2005-11-01,0.271130000
2005-12-01,0.201250000
2006-01-01,0.235510000
2006-02-01,0.265930000
2006-03-01,0.250600000
2006-04-01,0.296830000
2006-05-01,0.341110000
2006-06-01,0.313010000
2006-07-01,0.285390000
2006-08-01,0.244660000
2006-09-01,0.227900000
2006-10-01,0.271340000
2006-11-01,0.144280000
2006-12-01,0.187460000
2007-01-01,0.271220000
2007-02-01,0.283080000
2007-03-01,0.201050000
2007-04-01,0.187020000
2007-05-01,0.168790000
2007-06-01,0.188000000
2007-07-01,0.225440000
2007-08-01,0.205320000
2007-09-01,0.272770000
2007-10-01,0.282300000
2007-11-01,0.284400000
2007-12-01,0.234460000
2008-01-01,0.292480000
2008-02-01,0.173560000
2008-03-01,0.276520000
2008-04-01,0.218260000
2008-05-01,0.239510000
2008-06-01,0.321480000
2008-07-01,0.307320000
2008-08-01,0.260090000
2008-09-01,0.274920000
2008-10-01,0.177190000
2008-11-01,0.169760000
2008-12-01,0.110310000
2009-01-01,0.207040000
2009-02-01,0.163960000
2009-03-01,0.167760000
2009-04-01,0.145160000
2009-05-01,0.132310000
2009-06-01,0.112110000
2009-07-01,0.107970000
2009-08-01,0.105670000
2009-09-01,0.100380000
2009-10-01,0.058040000
2009-11-01,0.023120000
2009-12-01,0.043730000
2010-01-01,0.050210000
2010-02-01,0.034020000
2010-03-01,0.044070000
2010-04-01,0.078760000
2010-05-01,0.070440000
2010-06-01,0.099990000
2010-07-01,0.071030000
2010-08-01,0.070100000
2010-09-01,0.086720000
2010-10-01,0.063990000
2010-11-01,0.145210000
2010-12-01,0.052590000
2011-01-01,0.176420000
2011-02-01,0.194840000
2011-03-01,0.127180000
2011-04-01,0.127750000
2011-05-01,0.120250000
2011-06-01,0.147300000
2011-07-01,0.193810000
2011-08-01,0.287320000
2011-09-01,0.141440000
2011-10-01,0.171170000
2011-11-01,0.156380000
2011-12-01,0.246120000
2012-01-01,0.260120000
2012-02-01,0.105480000
2012-03-01,0.210600000
2012-04-01,0.178240000
2012-05-01,0.118920000
2012-06-01,0.194490000
2012-07-01,0.213890000
2012-08-01,0.194880000
2012-09-01,0.185160000
2012-10-01,0.149660000
2012-11-01,0.138690000
2012-12-01,0.166920000
2013-01-01,0.197510000
2013-02-01,0.172140000
2013-03-01,0.172990000
2013-04-01,0.040220000
2013-05-01,0.086310000
2013-06-01,0.156990000
2013-07-01,0.207010000
2013-08-01,0.229160000
2013-09-01,0.151280000
2013-10-01,0.136330000
2013-11-01,0.170410000
2013-12-01,0.149880000
2014-01-01,0.143760000
2014-02-01,0.150940000
2014-03-01,0.208480000
2014-04-01,0.214340000
2014-05-01,0.178850000
2014-06-01,0.172310000
2014-07-01,0.175570000
2014-08-01,0.117560000
2014-09-01,0.161360000
2014-10-01,0.186820000
2014-11-01,0.184230000
2014-12-01,0.119590000
2015-01-01,0.161510000
2015-02-01,0.149520000
2015-03-01,0.213320000
2015-04-01,0.267950000
2015-05-01,0.188700000
2015-06-01,0.211360000
2015-07-01,0.178930000
2015-08-01,0.142640000
2015-09-01,0.267150000
2015-10-01,0.251440000
2015-11-01,0.212610000
2015-12-01,0.149230000
2016-01-01,0.204730000
2016-02-01,0.209910000
2016-03-01,0.205530000
2016-04-01,0.274430000
2016-05-01,0.215190000
2016-06-01,0.209920000
2016-07-01,0.197860000
2016-08-01,0.271820000
2016-09-01,0.159750000
2016-10-01,0.134820000
2016-11-01,0.220510000
2016-12-01,0.214920000
2017-01-01,0.265060000
2017-02-01,0.222270000
2017-03-01,0.001880000
2017-04-01,0.096170000
2017-05-01,0.122810000
2017-06-01,0.182740000
2017-07-01,0.204940000
2017-08-01,0.230160000
2017-09-01,0.186490000
2017-10-01,0.209270000
2017-11-01,0.162120000
2017-12-01,0.236470000
2018-01-01,0.296940000
2018-02-01,0.197520000
2018-03-01,0.213420000
2018-04-01,0.208260000
2018-05-01,0.181710000
2018-06-01,0.206040000
2018-07-01,0.169000000
2018-08-01,0.141360000
2018-09-01,0.210550000
2018-10-01,0.165710000
2018-11-01,0.225330000
2018-12-01,0.232790000
2019-01-01,0.224310000
2019-02-01,0.207280000
2019-03-01,0.199220000
2019-04-01,0.241920000
2019-05-01,0.148850000
2019-06-01,0.243080000
2019-07-01,0.255860000
2019-08-01,0.280870000
2019-09-01,0.199120000
2019-10-01,0.280130000
2019-11-01,0.230060000
2019-12-01,0.206210000
2020-01-01,0.271470000
2020-02-01,0.194260000
2020-03-01,0.026660000
2020-04-01,-0.147480000
2020-05-01,0.023640000
2020-06-01,0.258270000
2020-07-01,0.522700000
2020-08-01,0.232970000
2020-09-01,0.021590000
2020-10-01,0.080120000
2020-11-01,0.197110000
2020-12-01,0.116870000
2021-01-01,0.078400000
2021-02-01,0.184430000
2021-03-01,0.191520000
2021-04-01,0.414550000
2021-05-01,0.349320000
2021-06-01,0.275640000
2021-07-01,0.350110000
2021-08-01,0.251850000
2021-09-01,0.263000000
2021-10-01,0.473690000
2021-11-01,0.391830000
2021-12-01,0.377780000
2022-01-01,0.552100000
2022-02-01,0.504220000
2022-03-01,0.428440000
2022-04-01,0.587310000
2022-05-01,0.580130000
2022-06-01,0.676090000
2022-07-01,0.506760000
2022-08-01,0.593930000
2022-09-01,0.625850000
2022-10-01,0.463070000
2022-11-01,0.487620000
2022-12-01,0.460550000
2023-01-01,0.499150000
2023-02-01,0.540390000
2023-03-01,0.330110000
2023-04-01,0.467530000
2023-05-01,0.310960000
2023-06-01,0.291560000
2023-07-01,0.303590000
2023-08-01,0.347750000
2023-09-01,0.404200000
2023-10-01,0.351290000
2023-11-01,0.304290000
2023-12-01,0.335700000
2024-01-01,0.524610000
2024-02-01,0.326220000
2024-03-01,0.397520000
2024-04-01,0.373910000
2024-05-01,0.208290000
2024-06-01,0.238140000
2024-07-01,0.258100000
2024-08-01,0.282340000
2024-09-01,0.306770000
2024-10-01,0.299370000
2024-11-01,0.218960000
2024-12-01,0.214440000
2025-01-01,0.399853894
2025-02-01,0.255377451
2025-03-01,0.177795941
2025-04-01,0.307902950
2025-05-01,0.187422428
2025-06-01,0.351451756
2025-07-01,0.379251363
2025-08-01,0.297000000
2025-09-01,0.202774513
